wpid,userid,time,death,newcomer_registyear,today,lastedit_tillend,last_censored,last_edit,event_newcomers,event,first_edit_type,first_edit_type3,first_eventedit_article,first_eventedit_date,registration
08limi,23213101,281,1,2014,8/26/15,778,10/12/17,8/26/15,1,Ebola,1,1,RVSV-ZEBOV vaccine,11/18/14,11/18/14
09flower,23214516,0,1,2014,11/18/14,1059,10/12/17,11/18/14,1,Ebola,1,1,Responses to the West African Ebola virus epidemic,11/18/14,11/18/14
21 bruh,23252097,0,1,2014,11/21/14,1056,10/12/17,11/21/14,1,Ebola,1,1,Ebola virus disease,11/21/14,11/21/14
2manyJimmiesRustled,22044636,0,1,2014,8/4/14,1165,10/12/17,8/4/14,1,Ebola,1,1,Ebola virus disease,8/4/14,8/4/14
3!13,22271024,998,1,2014,5/14/17,151,10/12/17,5/14/17,1,Ebola,1,1,West African Ebola virus epidemic,8/20/14,8/20/14
Aangell123,23430388,4,1,2014,12/12/14,1035,10/12/17,12/12/14,0,Ebola,2,2,West African Ebola virus epidemic,12/12/14,12/8/14
Abcdefghijklmnopqrstuvwxyz12345678910111,23172042,0,1,2014,11/14/14,1063,10/12/17,11/14/14,1,Ebola,1,1,Ebola virus cases in the United States,11/14/14,11/14/14
Abiyarajan77,22773833,382,1,2014,10/24/15,719,10/12/17,10/24/15,1,Ebola,1,1,West African Ebola virus epidemic,10/7/14,10/7/14
Afk3004,23010510,0,1,2014,10/29/14,1079,10/12/17,10/29/14,1,Ebola,1,1,West African Ebola virus epidemic,10/29/14,10/29/14
Agiufurta,22851142,615,1,2014,6/21/16,478,10/12/17,6/21/16,0,Ebola,2,2,Ebola virus cases in the United States,10/23/14,10/15/14
Ahavahisrael,22057934,78,1,2014,10/21/14,1087,10/12/17,10/21/14,0,Ebola,2,2,West African Ebola virus epidemic,8/4/14,8/4/14
Alvisprabhu1,22174142,0,1,2014,8/12/14,1157,10/12/17,8/12/14,1,Ebola,1,1,West African Ebola virus epidemic,8/12/14,8/12/14
Ammorain,22736357,328,1,2014,8/27/15,777,10/12/17,8/27/15,0,Ebola,2,2,Responses to the West African Ebola virus epidemic,10/3/14,10/3/14
AngelisDragon,23051129,1,1,2014,11/3/14,1074,10/12/17,11/3/14,1,Ebola,1,1,Ebola virus epidemic in Liberia,11/2/14,11/2/14
Anthony112358,24732752,0,1,2015,4/11/15,915,10/12/17,4/11/15,1,Ebola,1,1,West African Ebola virus epidemic,4/11/15,4/11/15
Apox 24,22213692,0,1,2014,8/15/14,1154,10/12/17,8/15/14,1,Ebola,1,1,West African Ebola virus epidemic,8/15/14,8/15/14
Aragornbattle,22806372,0,1,2014,10/10/14,1098,10/12/17,10/10/14,1,Ebola,1,1,West African Ebola virus epidemic,10/10/14,10/10/14
Asracing120,23254673,0,1,2014,11/22/14,1055,10/12/17,11/22/14,1,Ebola,1,1,Ebola virus disease,11/22/14,11/22/14
Assasin chan666,22822332,0,1,2014,10/12/14,1096,10/12/17,10/12/14,1,Ebola,1,1,West African Ebola virus epidemic,10/12/14,10/12/14
AuxZane,22488679,421,1,2014,11/5/15,707,10/12/17,11/5/15,0,Ebola,2,2,West African Ebola virus epidemic,10/15/14,9/10/14
Bhavinderrao9,21896149,12,1,2014,8/4/14,1165,10/12/17,8/4/14,1,Ebola,1,1,Ebola virus disease,8/4/14,7/23/14
BookOfJahMez,22961808,0,1,2014,10/25/14,1083,10/12/17,10/25/14,1,Ebola,1,1,Ebola virus cases in the United States,10/25/14,10/25/14
BrianGroen,22058183,657,1,2014,5/22/16,508,10/12/17,5/22/16,1,Ebola,1,1,West African Ebola virus epidemic,8/4/14,8/4/14
CDC Latam,22210107,0,1,2014,8/15/14,1154,10/12/17,8/15/14,1,Ebola,1,1,West African Ebola virus epidemic,8/15/14,8/15/14
Calthaus,22394843,99,1,2014,12/9/14,1038,10/12/17,12/9/14,1,Ebola,1,1,West African Ebola virus epidemic,9/19/14,9/1/14
Car200,21926087,0,1,2014,7/26/14,1174,10/12/17,7/26/14,1,Ebola,1,1,West African Ebola virus epidemic,7/26/14,7/26/14
Carcake1999,22493912,36,1,2014,10/16/14,1092,10/12/17,10/16/14,0,Ebola,2,2,Ebola virus cases in the United States,10/8/14,9/10/14
Cfcgau,23042377,0,1,2014,11/2/14,1075,10/12/17,11/2/14,1,Ebola,1,1,West African Ebola virus epidemic,11/2/14,11/2/14
Chaiso123,23399457,0,1,2014,12/6/14,1041,10/12/17,12/6/14,0,Ebola,2,2,West African Ebola virus epidemic,12/6/14,12/6/14
Chibike94,21970264,0,1,2014,7/31/14,1169,10/12/17,7/31/14,1,Ebola,1,1,Ebola virus disease,7/31/14,7/31/14
Chizzy92,21965356,0,1,2014,7/30/14,1170,10/12/17,7/30/14,1,Ebola,1,1,Ebola virus disease,7/30/14,7/30/14
Chyluchicago,22725398,24,1,2014,10/26/14,1082,10/12/17,10/26/14,0,Ebola,2,2,West African Ebola virus epidemic,10/26/14,10/2/14
Clinton227,23274467,0,1,2014,11/24/14,1053,10/12/17,11/24/14,1,Ebola,1,1,Ebola virus disease,11/24/14,11/24/14
Coolguy1235,23142341,0,1,2014,11/11/14,1066,10/12/17,11/11/14,1,Ebola,1,1,Ebola virus,11/11/14,11/11/14
Daqueenonmypeen,23265487,0,1,2014,11/23/14,1054,10/12/17,11/23/14,1,Ebola,1,1,Ebola virus disease,11/23/14,11/23/14
Deangelohnynjyjyj,22947010,0,1,2014,10/23/14,1085,10/12/17,10/23/14,1,Ebola,1,1,Ebola virus cases in the United States,10/23/14,10/23/14
Doc Ayomide,21941077,11,1,2014,8/8/14,1161,10/12/17,8/8/14,1,Ebola,1,1,Ebola virus disease,7/28/14,7/28/14
Doctorjokes,22166581,0,1,2014,8/11/14,1158,10/12/17,8/11/14,1,Ebola,1,1,West African Ebola virus epidemic,8/11/14,8/11/14
DomanicAssyrian,22951759,4,1,2014,10/28/14,1080,10/12/17,10/28/14,1,Ebola,4,3,West African Ebola virus epidemic,10/28/14,10/24/14
DoubleDr,23868411,81,1,2015,4/13/15,913,10/12/17,4/13/15,0,Ebola,2,2,West African Ebola virus epidemic,2/17/15,1/22/15
Dr.Oberd,23509049,76,1,2014,3/2/15,955,10/12/17,3/2/15,1,Ebola,1,1,West African Ebola virus epidemic,12/16/14,12/16/14
DuckMan23,22079756,1,1,2014,8/6/14,1163,10/12/17,8/6/14,1,Ebola,1,1,West African Ebola virus epidemic,8/5/14,8/5/14
Dylang010,22011743,0,1,2014,8/2/14,1167,10/12/17,8/2/14,1,Ebola,1,1,Ebola virus disease,8/2/14,8/2/14
Ebola guy,21959760,0,1,2014,7/30/14,1170,10/12/17,7/30/14,1,Ebola,1,1,User talk:Ebola guy,7/30/14,7/30/14
Editboyxxx999snipez,22764491,0,1,2014,10/6/14,1102,10/12/17,10/6/14,1,Ebola,1,1,Ebola virus,10/6/14,10/6/14
Emily1015,21730821,0,1,2014,6/30/14,1200,10/12/17,6/30/14,0,Ebola,2,2,Ebola virus disease,6/30/14,6/30/14
Enhickman,22523564,0,1,2014,9/13/14,1125,10/12/17,9/13/14,1,Ebola,1,1,West African Ebola virus epidemic,9/13/14,9/13/14
EoRdE6,22581480,1120,0,2014,10/12/17,0,10/12/17,10/12/17,0,Ebola,2,2,Talk:Ebola virus cases in the United States,10/3/14,9/18/14
Erinarrow,25137754,872,0,2015,9/28/17,14,10/12/17,9/28/17,1,Ebola,1,1,Ebola virus epidemic in Liberia,5/10/15,5/10/15
Excetor,22525551,0,1,2014,9/13/14,1125,10/12/17,9/13/14,1,Ebola,1,1,West African Ebola virus epidemic,9/13/14,9/13/14
ExoSuho,21844486,17,1,2014,8/2/14,1167,10/12/17,8/2/14,1,Ebola,1,1,Ebola virus disease,7/16/14,7/16/14
F Camp,22126370,41,1,2014,9/18/14,1120,10/12/17,9/18/14,0,Ebola,2,2,West African Ebola virus epidemic,8/28/14,8/8/14
Fakecolepoland,22002453,0,1,2014,8/1/14,1168,10/12/17,8/1/14,1,Ebola,1,1,Ebola virus disease,8/1/14,8/1/14
Fgauivfhrhgfighifdh,25147706,0,1,2015,5/11/15,885,10/12/17,5/11/15,1,Ebola,1,1,Ebola virus epidemic in Liberia,5/11/15,5/11/15
FourViolas,22764313,1103,0,2014,10/13/17,-1,10/12/17,10/13/17,0,Ebola,3,3,West African Ebola virus epidemic,11/3/14,10/6/14
Frostayy,22799226,0,1,2014,10/9/14,1099,10/12/17,10/9/14,1,Ebola,1,1,West African Ebola virus epidemic,10/9/14,10/9/14
Frostnibble12343456,22940347,0,1,2014,10/23/14,1085,10/12/17,10/23/14,1,Ebola,1,1,West African Ebola virus epidemic,10/23/14,10/23/14
Gggff555,22857826,0,1,2014,10/15/14,1093,10/12/17,10/15/14,1,Ebola,1,1,Ebola virus cases in the United States,10/15/14,10/15/14
GianDawal1234,24169389,57,1,2015,4/17/15,909,10/12/17,4/17/15,0,Ebola,2,2,West African Ebola virus epidemic,2/22/15,2/19/15
Goalieboss,22827806,11,1,2014,10/23/14,1085,10/12/17,10/23/14,1,Ebola,1,1,West African Ebola virus epidemic,10/23/14,10/12/14
Goaliegirl133,23213899,0,1,2014,11/18/14,1059,10/12/17,11/18/14,1,Ebola,1,1,Ebola virus cases in the United States,11/18/14,11/18/14
Gonzales2011,21715655,0,1,2014,6/28/14,1202,10/12/17,6/28/14,1,Ebola,1,1,West African Ebola virus epidemic,6/28/14,6/28/14
Gorblestein,22800527,0,1,2014,10/10/14,1098,10/12/17,10/10/14,1,Ebola,1,1,West African Ebola virus epidemic,10/10/14,10/10/14
Ham.star.01,22812081,0,1,2014,10/11/14,1097,10/12/17,10/11/14,1,Ebola,1,1,West African Ebola virus epidemic,10/11/14,10/11/14
Handsomewealth,22568229,0,1,2014,9/17/14,1121,10/12/17,9/17/14,1,Ebola,1,1,Ebola virus,9/17/14,9/17/14
Harrismark,21938133,11,1,2014,8/7/14,1162,10/12/17,8/7/14,0,Ebola,2,2,Ebola virus disease,8/4/14,7/27/14
Hemlata0005,22287630,0,1,2014,8/22/14,1147,10/12/17,8/22/14,1,Ebola,1,1,Ebola virus,8/22/14,8/22/14
Hobbes7,23076611,95,1,2014,2/8/15,977,10/12/17,2/8/15,0,Ebola,2,2,Ebola virus cases in the United States,11/15/14,11/5/14
Homomnius,21685326,0,1,2014,6/24/14,1206,10/12/17,6/24/14,1,Ebola,1,1,Ebola virus disease,6/24/14,6/24/14
Hrrael,22986945,0,1,2014,10/27/14,1081,10/12/17,10/27/14,1,Ebola,1,1,West African Ebola virus epidemic,10/27/14,10/27/14
IRVONBRABBS420BLAZE,23580979,0,1,2014,12/24/14,1023,10/12/17,12/24/14,1,Ebola,1,1,Ebola virus,12/24/14,12/24/14
Iamchukzzy,22781464,0,1,2014,10/8/14,1100,10/12/17,10/8/14,1,Ebola,1,1,West African Ebola virus epidemic,10/8/14,10/8/14
Igor gdsgsdgifsscvu,23732876,0,1,2015,1/9/15,1007,10/12/17,1/9/15,1,Ebola,1,1,Ebola virus,1/9/15,1/9/15
Ija2002,22732690,5,1,2014,10/8/14,1100,10/12/17,10/8/14,1,Ebola,1,1,West African Ebola virus epidemic,10/3/14,10/3/14
Inemudom,21965466,0,1,2014,7/30/14,1170,10/12/17,7/30/14,1,Ebola,1,1,Ebola virus disease,7/30/14,7/30/14
Irishlad99,22216664,568,1,2014,3/5/16,586,10/12/17,3/5/16,1,Ebola,1,1,West African Ebola virus epidemic,8/15/14,8/15/14
Iron Caterpillar,22778720,6,1,2014,10/14/14,1094,10/12/17,10/14/14,1,Ebola,4,3,West African Ebola virus epidemic,10/14/14,10/8/14
Iwalrusfriend,23257101,0,1,2014,11/22/14,1055,10/12/17,11/22/14,1,Ebola,1,1,Ebola virus disease,11/22/14,11/22/14
JafarFromAfar,23504924,0,1,2014,12/16/14,1031,10/12/17,12/16/14,0,Ebola,2,2,Ebola virus,12/16/14,12/16/14
Jaxst99,23060270,0,1,2014,11/3/14,1074,10/12/17,11/3/14,1,Ebola,1,1,West African Ebola virus epidemic,11/3/14,11/3/14
Jetsmoothin,22407763,29,1,2014,10/1/14,1107,10/12/17,10/1/14,0,Ebola,2,2,Ebola virus,10/1/14,9/2/14
Jhanae Kelly,22057832,0,1,2014,8/4/14,1165,10/12/17,8/4/14,1,Ebola,1,1,West African Ebola virus epidemic,8/4/14,8/4/14
Jimothyjones123,22798829,0,1,2014,10/9/14,1099,10/12/17,10/9/14,1,Ebola,1,1,West African Ebola virus epidemic,10/9/14,10/9/14
Jjayy138,22411359,35,1,2014,10/7/14,1101,10/12/17,10/7/14,0,Ebola,4,3,West African Ebola virus epidemic,9/23/14,9/2/14
Jlrubin,22545397,1103,0,2014,9/22/17,20,10/12/17,9/22/17,1,Ebola,1,1,Talk:West African Ebola virus epidemic,10/18/14,9/15/14
John Milton Nagel,22854370,0,1,2014,10/15/14,1093,10/12/17,10/15/14,1,Ebola,1,1,Ebola virus cases in the United States,10/15/14,10/15/14
Jsoik,23255479,0,1,2014,11/22/14,1055,10/12/17,11/22/14,1,Ebola,1,1,Ebola virus disease,11/22/14,11/22/14
Kachiokeke12,24242762,0,1,2015,2/25/15,960,10/12/17,2/25/15,1,Ebola,1,1,West African Ebola virus epidemic,2/25/15,2/25/15
Kakers100,22855597,13,1,2014,10/28/14,1080,10/12/17,10/28/14,1,Ebola,1,1,West African Ebola virus epidemic,10/28/14,10/15/14
Kanye East1234,24300299,0,1,2015,3/3/15,954,10/12/17,3/3/15,1,Ebola,1,1,Ebola virus,3/3/15,3/3/15
Kapibara100,24303793,821,1,2015,6/1/17,133,10/12/17,6/1/17,0,Ebola,4,3,Ebola virus cases in the United States,3/3/15,3/3/15
Kieran P. Clark,22986857,325,1,2014,9/17/15,756,10/12/17,9/17/15,0,Ebola,2,2,Ebola virus disease,11/7/14,10/27/14
Kowl00n,23237249,351,1,2014,11/6/15,706,10/12/17,11/6/15,0,Ebola,2,2,Responses to the West African Ebola virus epidemic,12/8/14,11/20/14
Kravinec,23170157,0,1,2014,11/13/14,1064,10/12/17,11/13/14,1,Ebola,1,1,Ebola virus cases in the United States,11/13/14,11/13/14
Krisdan55,22021075,0,1,2014,8/2/14,1167,10/12/17,8/2/14,1,Ebola,1,1,West African Ebola virus epidemic,8/2/14,8/2/14
Kwaks321,22942673,0,1,2014,10/23/14,1085,10/12/17,10/23/14,1,Ebola,1,1,Ebola virus cases in the United States,10/23/14,10/23/14
Kwbeie12,23096918,0,1,2014,11/7/14,1070,10/12/17,11/7/14,1,Ebola,1,1,West African Ebola virus epidemic,11/7/14,11/7/14
LLBeanBrother,21634751,78,1,2014,9/3/14,1135,10/12/17,9/3/14,0,Ebola,2,2,West African Ebola virus epidemic,7/2/14,6/17/14
Lashantae3,22623851,16,1,2014,10/8/14,1100,10/12/17,10/8/14,1,Ebola,1,1,Ebola virus,10/8/14,9/22/14
Lifebiomedguru,22147463,0,1,2014,8/10/14,1159,10/12/17,8/10/14,1,Ebola,4,3,Ebola virus,8/10/14,8/10/14
Lilnelson1234,23083653,6,1,2014,11/11/14,1066,10/12/17,11/11/14,1,Ebola,1,1,Ebola virus,11/11/14,11/5/14
Loudaboss,22778809,1,1,2014,10/9/14,1099,10/12/17,10/9/14,1,Ebola,1,1,West African Ebola virus epidemic,10/8/14,10/8/14
Lucazinzula,22121750,60,1,2014,10/7/14,1101,10/12/17,10/7/14,0,Ebola,2,2,Talk:Ebola virus disease,9/4/14,8/8/14
M.dajohnna,22747837,0,1,2014,10/5/14,1103,10/12/17,10/5/14,1,Ebola,1,1,Ebola virus,10/5/14,10/5/14
Mahhon,25099877,79,1,2015,7/25/15,810,10/12/17,7/25/15,0,Ebola,2,2,Ebola virus epidemic in Liberia,5/15/15,5/7/15
Mariquilla1988,22491234,261,1,2014,5/29/15,867,10/12/17,5/29/15,1,Ebola,3,3,Ebola virus disease in Spain,10/9/14,9/10/14
Mattswag5603,24427364,0,1,2015,3/14/15,943,10/12/17,3/14/15,1,Ebola,1,1,Ebola virus cases in the United States,3/14/15,3/14/15
Mejesik,23054210,0,1,2014,11/3/14,1074,10/12/17,11/3/14,0,Ebola,2,2,West African Ebola virus epidemic,11/3/14,11/3/14
Michael hunter,22655301,5,1,2014,9/30/14,1108,10/12/17,9/30/14,0,Ebola,2,2,West African Ebola virus epidemic,9/30/14,9/25/14
MissKatie89,21641081,16,1,2014,7/4/14,1196,10/12/17,7/4/14,1,Ebola,3,3,Ebola virus disease,6/18/14,6/18/14
Mj3322,22828071,143,1,2014,3/4/15,953,10/12/17,3/4/15,1,Ebola,1,1,West African Ebola virus epidemic,10/13/14,10/12/14
MrAtifAyub,23186517,28,1,2014,12/13/14,1034,10/12/17,12/13/14,1,Ebola,1,1,Ebola virus,12/13/14,11/15/14
MrHassanSan,22935515,5,1,2014,10/27/14,1081,10/12/17,10/27/14,1,Ebola,1,1,West African Ebola virus epidemic,10/22/14,10/22/14
Mrs.Maddys,23400956,0,1,2014,12/6/14,1041,10/12/17,12/6/14,1,Ebola,1,1,West African Ebola virus epidemic,12/6/14,12/6/14
Mtchief,21580764,11,1,2014,6/19/14,1211,10/12/17,6/19/14,1,Ebola,1,1,West African Ebola virus epidemic,6/8/14,6/8/14
Mucky Poo,22325480,39,1,2014,10/3/14,1105,10/12/17,10/3/14,1,Ebola,1,1,Ebola virus,8/25/14,8/25/14
Murilo12,22055388,0,1,2014,8/4/14,1165,10/12/17,8/4/14,1,Ebola,1,1,West African Ebola virus epidemic,8/4/14,8/4/14
Nauzemophonic,22709814,0,1,2014,10/1/14,1107,10/12/17,10/1/14,1,Ebola,1,1,Ebola virus,10/1/14,10/1/14
Nelson Joel,23088697,0,1,2014,11/6/14,1071,10/12/17,11/6/14,1,Ebola,1,1,Ebola virus cases in the United States,11/6/14,11/6/14
NetworkOP,23595433,725,1,2014,12/20/16,296,10/12/17,12/20/16,0,Ebola,5,3,Ebola virus disease,1/1/15,12/26/14
Nikzilla,22439607,0,1,2014,9/5/14,1133,10/12/17,9/5/14,1,Ebola,1,1,West African Ebola virus epidemic,9/5/14,9/5/14
Oakhilljoseph,23010121,1,1,2014,10/30/14,1078,10/12/17,10/30/14,1,Ebola,1,1,West African Ebola virus epidemic,10/29/14,10/29/14
Okymyo,22166916,505,1,2014,12/29/15,653,10/12/17,12/29/15,1,Ebola,3,3,Ebola virus,8/12/14,8/11/14
Omelly97,21969174,0,1,2014,7/31/14,1169,10/12/17,7/31/14,1,Ebola,1,1,West African Ebola virus epidemic,7/31/14,7/31/14
Omodeletobi,21915112,0,1,2014,7/25/14,1175,10/12/17,7/25/14,1,Ebola,1,1,Ebola virus disease,7/25/14,7/25/14
Ooopps,22117632,0,1,2014,8/8/14,1161,10/12/17,8/8/14,1,Ebola,1,1,West African Ebola virus epidemic,8/8/14,8/8/14
Pizzaguy232roundhouse,23272223,0,1,2014,11/23/14,1054,10/12/17,11/23/14,1,Ebola,1,1,Ebola virus disease,11/23/14,11/23/14
Pookiebabie,23331249,0,1,2014,11/29/14,1048,10/12/17,11/29/14,0,Ebola,2,2,West African Ebola virus epidemic,11/29/14,11/29/14
Princessbananahammock,22097365,0,1,2014,8/7/14,1162,10/12/17,8/7/14,1,Ebola,1,1,Ebola virus,8/7/14,8/7/14
Prisoner326,22716753,62,1,2014,12/2/14,1045,10/12/17,12/2/14,1,Ebola,1,1,West African Ebola virus epidemic,10/1/14,10/1/14
ProfessorLuka,24252134,4,1,2015,3/2/15,955,10/12/17,3/2/15,0,Ebola,2,2,Ebola virus cases in the United States,3/2/15,2/26/15
Proficuous,22988073,1,1,2014,10/28/14,1080,10/12/17,10/28/14,1,Ebola,1,1,West African Ebola virus epidemic,10/27/14,10/27/14
PuffinSoc,22572488,120,1,2014,1/15/15,1001,10/12/17,1/15/15,0,Ebola,4,3,West African Ebola virus epidemic,9/25/14,9/17/14
Puppy9000,22747637,958,1,2014,5/20/17,145,10/12/17,5/20/17,0,Ebola,2,2,List of Ebola outbreaks,10/6/14,10/5/14
Pwfen,23673468,931,1,2015,7/22/17,82,10/12/17,7/22/17,1,Ebola,1,1,West African Ebola virus epidemic timeline,1/3/15,1/3/15
RealPyro,21981816,0,1,2014,7/31/14,1169,10/12/17,7/31/14,1,Ebola,1,1,Ebola virus disease,7/31/14,7/31/14
RegistryKey,22632709,1105,0,2014,10/2/17,10,10/12/17,10/2/17,0,Ebola,2,2,West African Ebola virus epidemic,9/30/14,9/23/14
Rich4527,22741668,0,1,2014,10/4/14,1104,10/12/17,10/4/14,1,Ebola,1,1,West African Ebola virus epidemic,10/4/14,10/4/14
Ricola.joe,22981203,0,1,2014,10/27/14,1081,10/12/17,10/27/14,1,Ebola,1,1,Ebola virus cases in the United States,10/27/14,10/27/14
Rochoa2,22926347,0,1,2014,10/22/14,1086,10/12/17,10/22/14,1,Ebola,1,1,West African Ebola virus epidemic,10/22/14,10/22/14
Sam3026885,23721311,0,1,2015,1/8/15,1008,10/12/17,1/8/15,1,Ebola,1,1,Ebola virus,1/8/15,1/8/15
Sarahkooper,23520820,0,1,2014,12/18/14,1029,10/12/17,12/18/14,1,Ebola,1,1,West African Ebola virus epidemic,12/18/14,12/18/14
Saricmu,22035931,28,1,2014,8/31/14,1138,10/12/17,8/31/14,0,Ebola,2,2,Ebola virus,8/31/14,8/3/14
Satkara,23049166,1031,1,2014,8/29/17,44,10/12/17,8/29/17,1,Ebola,1,1,Ebola virus disease in Mali,11/3/14,11/2/14
Scoottz,22788329,19,1,2014,10/27/14,1081,10/12/17,10/27/14,1,Ebola,1,1,West African Ebola virus epidemic,10/22/14,10/8/14
Scorcher592,22209020,62,1,2014,10/16/14,1092,10/12/17,10/16/14,1,Ebola,1,1,West African Ebola virus epidemic,8/15/14,8/15/14
Scotch93,22249977,0,1,2014,8/18/14,1151,10/12/17,8/18/14,1,Ebola,1,1,West African Ebola virus epidemic,8/18/14,8/18/14
Sedlarczuk,23003822,1,1,2014,10/30/14,1078,10/12/17,10/30/14,1,Ebola,1,1,West African Ebola virus epidemic,10/29/14,10/29/14
Shadowvault,23005758,86,1,2014,1/23/15,993,10/12/17,1/23/15,1,Ebola,3,3,West African Ebola virus epidemic,11/10/14,10/29/14
Shastaman19,22953194,0,1,2014,10/24/14,1084,10/12/17,10/24/14,1,Ebola,1,1,West African Ebola virus epidemic,10/24/14,10/24/14
Shriram10,22233382,3,1,2014,8/20/14,1149,10/12/17,8/20/14,1,Ebola,1,1,West African Ebola virus epidemic,8/20/14,8/17/14
Sirgrossgergeofficial,22064290,202,1,2014,2/23/15,962,10/12/17,2/23/15,1,Ebola,1,1,Ebola virus,8/5/14,8/5/14
Sizzlingsteve669,22143495,0,1,2014,8/10/14,1159,10/12/17,8/10/14,1,Ebola,1,1,Ebola virus,8/10/14,8/10/14
Starstr,22661304,129,1,2014,2/2/15,983,10/12/17,2/2/15,1,Ebola,1,1,West African Ebola virus epidemic,9/26/14,9/26/14
Swukus,21746033,0,1,2014,7/2/14,1198,10/12/17,7/2/14,1,Ebola,1,1,West African Ebola virus epidemic,7/2/14,7/2/14
Tbnaff,22853047,0,1,2014,10/15/14,1093,10/12/17,10/15/14,1,Ebola,1,1,Ebola virus cases in the United States,10/15/14,10/15/14
Thankcleat,22223958,14,1,2014,8/30/14,1139,10/12/17,8/30/14,0,Ebola,2,2,West African Ebola virus epidemic,8/16/14,8/16/14
Theleo1234,23847471,0,1,2015,1/20/15,996,10/12/17,1/20/15,0,Ebola,2,2,Ebola virus,1/20/15,1/20/15
Tjl2051,21937009,845,1,2014,11/18/16,328,10/12/17,11/18/16,0,Ebola,2,2,West African Ebola virus epidemic,8/1/14,7/27/14
Toks3257,22354476,705,1,2014,8/2/16,436,10/12/17,8/2/16,0,Ebola,2,2,Ebola virus,8/28/14,8/28/14
Tritzim,23051773,748,1,2014,11/20/16,326,10/12/17,11/20/16,1,Ebola,1,1,Ebola virus epidemic in Liberia,11/3/14,11/3/14
Ulubeyli,22139134,161,1,2014,1/17/15,999,10/12/17,1/17/15,1,Ebola,1,1,Ebola virus,8/9/14,8/9/14
VeNeMousKAT,22008334,986,1,2014,4/14/17,181,10/12/17,4/14/17,0,Ebola,2,2,Ebola virus,8/24/14,8/2/14
W12345I,23151077,0,1,2014,11/12/14,1065,10/12/17,11/12/14,1,Ebola,1,1,West African Ebola virus epidemic timeline,11/12/14,11/12/14
Wa71la,22109672,0,1,2014,8/7/14,1162,10/12/17,8/7/14,1,Ebola,1,1,West African Ebola virus epidemic,8/7/14,8/7/14
Walifa Waqar,23483832,459,1,2014,3/17/16,574,10/12/17,3/17/16,0,Ebola,2,2,West African Ebola virus epidemic,12/14/14,12/14/14
Wikimaster2525,22708031,0,1,2014,9/30/14,1108,10/12/17,9/30/14,1,Ebola,1,1,West African Ebola virus epidemic,9/30/14,9/30/14
Wikipedianeedseditting,22675187,28,1,2014,10/25/14,1083,10/12/17,10/25/14,1,Ebola,1,1,West African Ebola virus epidemic,10/25/14,9/27/14
Wikipedianorthernireland,22857347,828,1,2014,1/20/17,265,10/12/17,1/20/17,0,Ebola,2,2,Ebola virus disease,11/12/14,10/15/14
Wikiwang8,23577638,31,1,2014,1/24/15,992,10/12/17,1/24/15,0,Ebola,2,2,Ebola virus epidemic in Guinea,1/24/15,12/24/14
WilleHelm,22634215,14,1,2014,10/7/14,1101,10/12/17,10/7/14,0,Ebola,2,2,West African Ebola virus epidemic,10/7/14,9/23/14
WolverhmptonLad01,25232934,391,1,2015,6/13/16,486,10/12/17,6/13/16,0,Ebola,2,2,West African Ebola virus epidemic,6/9/15,5/19/15
Wrsa,21960546,10,1,2014,8/9/14,1160,10/12/17,8/9/14,0,Ebola,4,3,Ebola virus disease,8/2/14,7/30/14
Wwhitbyiv,25245419,309,1,2015,3/24/16,567,10/12/17,3/24/16,1,Ebola,1,1,West African Ebola virus epidemic,5/20/15,5/20/15
Wyqy,22685997,0,1,2014,9/28/14,1110,10/12/17,9/28/14,1,Ebola,1,1,West African Ebola virus epidemic,9/28/14,9/28/14
XavierItzm,22888068,1090,0,2014,10/12/17,0,10/12/17,10/12/17,1,Ebola,1,1,West African Ebola virus epidemic timeline,10/19/14,10/18/14
Xqxf,22765172,17,1,2014,10/23/14,1085,10/12/17,10/23/14,1,Ebola,1,1,Ebola virus cases in the United States,10/6/14,10/6/14
Xxxebloadubnusxxx,23436940,0,1,2014,12/9/14,1038,10/12/17,12/9/14,1,Ebola,1,1,West African Ebola virus epidemic,12/9/14,12/9/14
Yellow Dingo,23215288,728,1,2014,11/15/16,331,10/12/17,11/15/16,0,Ebola,4,3,Ebola virus disease,11/23/14,11/18/14
Yogo770,23068686,263,1,2014,7/25/15,810,10/12/17,7/25/15,1,Ebola,1,1,West African Ebola virus epidemic,11/4/14,11/4/14
2014:f.ace,22329100,232,1,2014,4/14/15,912,10/12/17,4/14/15,0,Ebola,2,2,Ebola virus cases in the United States,10/12/14,8/25/14
Aparuthi,22646930,71,1,2014,12/5/14,1042,10/12/17,12/5/14,1,Ebola,4,3,Talk:Ebola virus cases in the United States,11/10/14,9/25/14
Cbowman7289,22645352,483,1,2014,1/20/16,631,10/12/17,1/20/16,1,Ebola,4,3,Talk:Ebola virus cases in the United States,11/10/14,9/24/14
Crogand3,22632556,71,1,2014,12/3/14,1044,10/12/17,12/3/14,1,Ebola,4,3,Talk:Ebola virus cases in the United States,11/11/14,9/23/14
Dunkleosteus77,24697189,918,0,2015,10/13/17,-1,10/12/17,10/13/17,0,Ebola,2,2,Ebola virus epidemic in Liberia,5/15/15,4/9/15
Flyer500,21853441,1161,0,2014,9/20/17,22,10/12/17,9/20/17,0,Ebola,3,3,West African Ebola virus epidemic,8/29/14,7/17/14
FriarTuck1981,22590519,1119,0,2014,10/12/17,0,10/12/17,10/12/17,0,Ebola,2,2,Ebola virus cases in the United States,10/25/14,9/19/14
Harka1998,22388250,671,1,2014,7/2/16,467,10/12/17,7/2/16,0,Ebola,2,2,West African Ebola virus epidemic,10/8/14,8/31/14
IRW0,22287343,46,1,2014,10/6/14,1102,10/12/17,10/6/14,0,Ebola,2,2,Ebola virus cases in the United States,10/2/14,8/21/14
Jimmywagtail01,22487294,350,1,2014,8/25/15,779,10/12/17,8/25/15,0,Ebola,2,2,Ebola virus disease in Mali,10/29/14,9/9/14
Rachelwalexander,21664415,546,1,2014,12/19/15,663,10/12/17,12/19/15,0,Ebola,4,3,List of Ebola outbreaks,8/5/14,6/21/14
SamuelOdinga,22376301,51,1,2014,10/20/14,1088,10/12/17,10/20/14,0,Ebola,2,2,West African Ebola virus epidemic,10/8/14,8/30/14
Snd0,21602800,614,1,2014,2/16/16,604,10/12/17,2/16/16,0,Ebola,2,2,West African Ebola virus epidemic,7/28/14,6/12/14
Swaggyswig,22957991,45,1,2014,12/9/14,1038,10/12/17,12/9/14,0,Ebola,2,2,West African Ebola virus epidemic,12/9/14,10/25/14
VeniVidiVici476,22423485,357,1,2014,8/26/15,778,10/12/17,8/26/15,1,Ebola,1,1,West African Ebola virus epidemic,10/14/14,9/3/14
Wikimarcel2002,23824712,110,1,2015,5/8/15,888,10/12/17,5/8/15,1,Ebola,1,1,Ebola virus,3/6/15,1/18/15
Wikitesh Thapa,21711139,49,1,2014,8/16/14,1153,10/12/17,8/16/14,0,Ebola,2,2,West African Ebola virus epidemic,8/10/14,6/28/14
42Q7,21979093,1163,0,2014,10/6/17,8,10/14/17,10/6/17,1,FIFA,1,1,2010 FIFA World Cup qualification (inter-confederation play-offs),7/31/14,7/31/14
A5176868,21647163,183,1,2014,12/18/14,1031,10/14/17,12/18/14,1,FIFA,1,1,2014 FIFA World Cup disciplinary record,6/18/14,6/18/14
AashishAashish,21785673,134,1,2014,11/19/14,1060,10/14/17,11/19/14,1,FIFA,1,1,2014 FIFA World Cup qualification,7/8/14,7/8/14
Abhinav0908,21299956,1084,1,2014,4/18/17,179,10/14/17,4/18/17,0,FIFA,3,3,2014 FIFA World Cup squads,5/10/14,4/30/14
Abpokhrel,21558487,55,1,2014,7/30/14,1172,10/14/17,7/30/14,1,FIFA,1,1,2014 FIFA World Cup broadcasting rights,6/5/14,6/5/14
Acaddoc,21673285,22,1,2014,7/15/14,1187,10/14/17,7/15/14,0,FIFA,2,2,2014 FIFA World Cup Final,7/15/14,6/23/14
Adrian-re14,21646720,0,1,2014,6/18/14,1214,10/14/17,6/18/14,1,FIFA,1,1,2014 FIFA World Cup Group B,6/18/14,6/18/14
Adrien Glauser,21692166,238,1,2014,2/18/15,969,10/14/17,2/18/15,1,FIFA,1,1,2014 FIFA World Cup knockout stage,6/25/14,6/25/14
Agent0047,20601081,592,1,2014,9/4/15,771,10/14/17,9/4/15,0,FIFA,2,2,Controversies surrounding Grand Theft Auto IV,1/28/14,1/20/14
Alex 75596,21556280,33,1,2014,7/8/14,1194,10/14/17,7/8/14,0,FIFA,2,2,2014 FIFA World Cup,6/26/14,6/5/14
Alikaraji78,21553092,47,1,2014,7/21/14,1181,10/14/17,7/21/14,0,FIFA,2,2,2014 FIFA World Cup squads,6/17/14,6/4/14
Alpha Monarch,21632347,809,1,2014,9/2/16,407,10/14/17,9/2/16,0,FIFA,3,3,FIFA,6/20/14,6/16/14
Anuragpai123,21458734,9,1,2014,5/31/14,1232,10/14/17,5/31/14,0,FIFA,2,2,2014 FIFA World Cup bids,5/26/14,5/22/14
Ariq maul,21797377,0,1,2014,7/10/14,1192,10/14/17,7/10/14,1,FIFA,1,1,Brazil v Germany (2014 FIFA World Cup),7/10/14,7/10/14
Arjunsanyal,21538496,1222,0,2014,10/6/17,8,10/14/17,10/6/17,0,FIFA,2,2,2018 FIFA World Cup,6/5/14,6/2/14
Arsalan a.gh,21550334,98,1,2014,9/10/14,1130,10/14/17,9/10/14,1,FIFA,1,1,2014 FIFA World Cup officials,6/20/14,6/4/14
Arslan963,21421968,0,1,2014,5/17/14,1246,10/14/17,5/17/14,0,FIFA,2,2,2014 FIFA World Cup qualification,5/17/14,5/17/14
Ashish kumar sharma99,21786302,0,1,2014,7/8/14,1194,10/14/17,7/8/14,1,FIFA,1,1,2014 FIFA World Cup broadcasting rights,7/8/14,7/8/14
Ashu-97,21624226,64,1,2014,8/18/14,1153,10/14/17,8/18/14,1,FIFA,1,1,2014 FIFA World Cup broadcasting rights,6/15/14,6/15/14
Asniaaprilia,21348121,0,1,2014,5/7/14,1256,10/14/17,5/7/14,1,FIFA,1,1,2014 FIFA World Cup squads,5/7/14,5/7/14
Aurelienreys,21306816,0,1,2014,5/1/14,1262,10/14/17,5/1/14,0,FIFA,2,2,2013 protests in Brazil,5/1/14,5/1/14
Bal Mungram,21767315,1156,1,2014,9/4/17,40,10/14/17,9/4/17,1,FIFA,1,1,2014 FIFA World Cup Brazil (video game),7/6/14,7/6/14
Barnaby.rostant,21714764,0,1,2014,6/28/14,1204,10/14/17,6/28/14,1,FIFA,1,1,2014 FIFA World Cup Group D,6/28/14,6/28/14
Basefut,21738163,0,1,2014,7/1/14,1201,10/14/17,7/1/14,0,FIFA,2,2,2014 FIFA World Cup knockout stage,7/1/14,7/1/14
Bbetev2,21783006,10,1,2014,7/18/14,1184,10/14/17,7/18/14,0,FIFA,2,2,Brazil v Germany (2014 FIFA World Cup),7/10/14,7/8/14
Benjaminherberger,21635583,193,1,2014,12/27/14,1022,10/14/17,12/27/14,1,FIFA,1,1,List of 2014 FIFA World Cup controversies,6/17/14,6/17/14
BigFaCL,21314864,0,1,2014,5/2/14,1261,10/14/17,5/2/14,1,FIFA,1,1,We Are One (Ole Ola),5/2/14,5/2/14
Bmf 051,21404818,1248,0,2014,10/14/17,0,10/14/17,10/14/17,0,FIFA,4,3,2015 FIFA Women's World Cup,6/5/14,5/15/14
Cabj94,21373646,1251,0,2014,10/12/17,2,10/14/17,10/12/17,0,FIFA,2,2,2014 Women's Hockey World Cup,6/8/14,5/10/14
Caealn,21564287,1073,1,2014,5/14/17,153,10/14/17,5/14/17,0,FIFA,2,2,Brazil national football team,7/9/14,6/6/14
Chief hiccup horrendous haddock,21480626,52,1,2014,7/16/14,1186,10/14/17,7/16/14,0,FIFA,2,2,2014 FIFA World Cup Brazil (video game),6/9/14,5/25/14
Chris2787,21381203,0,1,2014,5/12/14,1251,10/14/17,5/12/14,1,FIFA,1,1,2014 FIFA World Cup squads,5/12/14,5/12/14
Cjsmith.us,21746182,1033,1,2014,4/30/17,167,10/14/17,4/30/17,0,FIFA,2,2,1999 FIFA Women's World Cup,7/18/14,7/2/14
ClassicOnAStick,21693145,1207,0,2014,10/15/17,-1,10/14/17,10/15/17,0,FIFA,2,2,FIFA 08,7/28/14,6/26/14
Clinton30,21179961,19,1,2014,5/2/14,1261,10/14/17,5/2/14,0,FIFA,2,2,2014 FIFA World Cup broadcasting rights,5/2/14,4/13/14
Coolguy922,21562873,475,1,2014,9/23/15,752,10/14/17,9/23/15,0,FIFA,2,2,2014 FIFA World Cup,6/28/14,6/5/14
Cttuckerrrr,21729600,11,1,2014,7/11/14,1191,10/14/17,7/11/14,1,FIFA,1,1,2014 FIFA World Cup Group E,7/4/14,6/30/14
CynthiaAch,21599510,0,1,2014,6/11/14,1221,10/14/17,6/11/14,1,FIFA,1,1,2014 FIFA World Cup broadcasting rights,6/11/14,6/11/14
DestinationAlan,21614443,958,1,2014,1/26/17,261,10/14/17,1/26/17,0,FIFA,2,2,2014 FIFA World Cup Final,7/11/14,6/13/14
Ek93,21605873,0,1,2014,6/12/14,1220,10/14/17,6/12/14,1,FIFA,1,1,2014 FIFA World Cup broadcasting rights,6/12/14,6/12/14
EvanWikiby,21860056,0,1,2014,7/18/14,1184,10/14/17,7/18/14,0,FIFA,2,2,2014 FIFA World Cup Final,7/18/14,7/18/14
Extraperson,21601323,153,1,2014,11/11/14,1068,10/14/17,11/11/14,1,FIFA,1,1,2014 FIFA World Cup broadcasting rights,6/11/14,6/11/14
FCHulbenheim,21657406,5,1,2014,6/25/14,1207,10/14/17,6/25/14,0,FIFA,2,2,2026 FIFA World Cup,6/22/14,6/20/14
Fakih99,21795415,43,1,2014,8/21/14,1150,10/14/17,8/21/14,0,FIFA,2,2,2014 FIFA World Cup Final,7/9/14,7/9/14
Feelerino,21883597,156,1,2014,12/25/14,1024,10/14/17,12/25/14,1,FIFA,1,1,2014 FIFA World Cup Final,8/16/14,7/22/14
Fgghhhjjjj,21792088,0,1,2014,7/9/14,1193,10/14/17,7/9/14,1,FIFA,1,1,2014 FIFA World Cup Group A,7/9/14,7/9/14
Flystar125,21625447,3,1,2014,6/18/14,1214,10/14/17,6/18/14,0,FIFA,2,2,2014 FIFA World Cup Group B,6/18/14,6/15/14
Football14fever,21606249,8,1,2014,6/20/14,1212,10/14/17,6/20/14,1,FIFA,1,1,2014 FIFA World Cup broadcasting rights,6/12/14,6/12/14
Frozenfire14,21678082,52,1,2014,8/14/14,1157,10/14/17,8/14/14,1,FIFA,1,1,2014 FIFA World Cup Group A,6/23/14,6/23/14
Ftbl2014,21740386,890,1,2014,12/8/16,310,10/14/17,12/8/16,1,FIFA,1,1,List of 2014 FIFA World Cup controversies,7/2/14,7/2/14
Futeb00l,21774160,121,1,2014,11/5/14,1074,10/14/17,11/5/14,0,FIFA,2,2,2014 FIFA World Cup marketing,7/7/14,7/7/14
Gabrielptavares,20657819,31,1,2014,2/27/14,1325,10/14/17,2/27/14,1,FIFA,1,1,2013 protests in Brazil,2/27/14,1/27/14
Ginothewall30,21781384,962,1,2014,2/24/17,232,10/14/17,2/24/17,0,FIFA,2,2,2014 FIFA World Cup Final,7/12/14,7/8/14
GraalPK,21483047,611,1,2014,1/26/16,627,10/14/17,1/26/16,0,FIFA,4,3,2014 FIFA World Cup Brazil,6/20/14,5/25/14
HMS88,21533729,696,1,2014,4/27/16,535,10/14/17,4/27/16,0,FIFA,2,2,Talk:FIFA World Cup hosts,6/19/14,6/1/14
Haaslk,21800872,0,1,2014,7/10/14,1192,10/14/17,7/10/14,1,FIFA,1,1,Brazil v Germany (2014 FIFA World Cup),7/10/14,7/10/14
HamedV00,21339499,984,1,2014,1/14/17,273,10/14/17,1/14/17,1,FIFA,1,1,2014 FIFA World Cup squads,5/6/14,5/6/14
Hejhej123hejhej,21794253,0,1,2014,7/9/14,1193,10/14/17,7/9/14,1,FIFA,1,1,Brazil v Germany (2014 FIFA World Cup),7/9/14,7/9/14
Hernanx32a,21651749,0,1,2014,6/19/14,1213,10/14/17,6/19/14,1,FIFA,1,1,2014 FIFA World Cup Group D,6/19/14,6/19/14
Hmoshrif,21581893,0,1,2014,6/9/14,1223,10/14/17,6/9/14,1,FIFA,1,1,2014 FIFA World Cup broadcasting rights,6/9/14,6/9/14
Homo mundi,21846525,4,1,2014,7/20/14,1182,10/14/17,7/20/14,1,FIFA,1,1,List of 2014 FIFA World Cup controversies,7/19/14,7/16/14
ILLWRECKYOU,21603481,0,1,2014,6/12/14,1220,10/14/17,6/12/14,1,FIFA,1,1,We Are One (Ole Ola),6/12/14,6/12/14
Ishac.ishac,21605711,0,1,2014,6/12/14,1220,10/14/17,6/12/14,1,FIFA,1,1,2014 FIFA World Cup broadcasting rights,6/12/14,6/12/14
Itzzz Michael,21497331,0,1,2014,5/27/14,1236,10/14/17,5/27/14,1,FIFA,1,1,2014 FIFA World Cup Brazil (video game),5/27/14,5/27/14
JJHk2000,21360819,414,1,2014,6/27/15,840,10/14/17,6/27/15,0,FIFA,2,2,2014 FIFA World Cup Group A,6/10/14,5/9/14
Jmvilla1509,21723444,8,1,2014,7/7/14,1195,10/14/17,7/7/14,1,FIFA,1,1,2014 FIFA World Cup squads,7/7/14,6/29/14
Johnmirenda,21631128,17,1,2014,7/3/14,1199,10/14/17,7/3/14,0,FIFA,2,2,2014 FIFA World Cup knockout stage,7/3/14,6/16/14
Jon Stakes,21746499,20,1,2014,7/22/14,1180,10/14/17,7/22/14,1,FIFA,3,3,Talk:List of 2014 FIFA World Cup controversies,7/2/14,7/2/14
Josephdavoudzadeh,21633531,0,1,2014,6/17/14,1215,10/14/17,6/17/14,1,FIFA,1,1,2014 FIFA World Cup statistics,6/17/14,6/17/14
JupiterSaturnw,21580502,0,1,2014,6/8/14,1224,10/14/17,6/8/14,1,FIFA,1,1,2014 FIFA World Cup broadcasting rights,6/8/14,6/8/14
KH-1,21857263,1185,0,2014,10/15/17,-1,10/14/17,10/15/17,0,FIFA,2,2,20th anniversary of Tiananmen Square protests of 1989,7/18/14,7/18/14
Karamonas,21613377,0,1,2014,6/13/14,1219,10/14/17,6/13/14,1,FIFA,1,1,2014 FIFA World Cup broadcasting rights,6/13/14,6/13/14
Landingdude13,20659301,1355,0,2014,10/14/17,0,10/14/17,10/14/17,0,FIFA,2,2,2014 FIFA World Cup Brazil (video game),2/7/14,1/28/14
Leo Bonilla,21626799,1133,1,2014,7/23/17,83,10/14/17,7/23/17,1,FIFA,3,3,2014 FIFA World Cup Group E,6/16/14,6/16/14
Liverpool8765,21800893,18,1,2014,7/28/14,1174,10/14/17,7/28/14,0,FIFA,2,2,2014 FIFA World Cup Final,7/27/14,7/10/14
Luyg97,21413246,155,1,2014,10/18/14,1092,10/14/17,10/18/14,0,FIFA,2,2,2014 FIFA World Cup,6/20/14,5/16/14
Madoti mojeed,21721474,23,1,2014,7/22/14,1180,10/14/17,7/22/14,1,FIFA,4,3,2014 FIFA World Cup statistics,7/6/14,6/29/14
Mariocarioca22,21556789,0,1,2014,6/5/14,1227,10/14/17,6/5/14,1,FIFA,1,1,2014 FIFA World Cup Brazil (video game),6/5/14,6/5/14
MarkBM,21794115,1,1,2014,7/10/14,1192,10/14/17,7/10/14,1,FIFA,5,3,Brazil v Germany (2014 FIFA World Cup),7/9/14,7/9/14
Matosizi,21622900,0,1,2014,6/15/14,1217,10/14/17,6/15/14,1,FIFA,1,1,2014 FIFA World Cup Group E,6/15/14,6/15/14
Matthew898,21814693,811,1,2014,9/30/16,379,10/14/17,9/30/16,0,FIFA,2,2,1994 FIFA World Cup Group E,7/12/14,7/12/14
Mexanoh,21772591,0,1,2014,7/6/14,1196,10/14/17,7/6/14,1,FIFA,1,1,2014 FIFA World Cup knockout stage,7/6/14,7/6/14
Mikestrike,21605546,0,1,2014,6/12/14,1220,10/14/17,6/12/14,1,FIFA,1,1,2014 FIFA World Cup broadcasting rights,6/12/14,6/12/14
Mixo45,21336330,1249,0,2014,10/5/17,9,10/14/17,10/5/17,0,FIFA,2,2,2014 FIFA World Cup squads,6/5/14,5/5/14
Mohammad961,21605647,330,1,2014,5/8/15,890,10/14/17,5/8/15,1,FIFA,1,1,2014 FIFA World Cup broadcasting rights,6/12/14,6/12/14
MrMohammed305,21901010,325,1,2014,6/14/15,853,10/14/17,6/14/15,1,FIFA,4,3,2014 FIFA World Cup officials,7/25/14,7/24/14
Mulderttt,21637755,404,1,2014,7/26/15,811,10/14/17,7/26/15,1,FIFA,1,1,2014 FIFA World Cup Group B,6/20/14,6/17/14
Mundogamesvicioam,21191932,0,1,2014,4/14/14,1279,10/14/17,4/14/14,1,FIFA,1,1,2014 FIFA World Cup Brazil (video game),4/14/14,4/14/14
MusaSaleemPK,21607835,0,1,2014,6/12/14,1220,10/14/17,6/12/14,1,FIFA,1,1,2014 FIFA World Cup broadcasting rights,6/12/14,6/12/14
NextGenSam619,21733618,1185,0,2014,9/28/17,16,10/14/17,9/28/17,0,FIFA,2,2,2014 FIFA World Cup Final,7/9/14,7/1/14
Nqemgray,21414483,3,1,2014,5/19/14,1244,10/14/17,5/19/14,0,FIFA,2,2,2013 protests in Brazil,5/19/14,5/16/14
Ogramzes,21774013,6,1,2014,7/13/14,1189,10/14/17,7/13/14,0,FIFA,2,2,2014 FIFA World Cup Final,7/13/14,7/7/14
Oiyarbepsy,21840846,1161,0,2014,9/19/17,25,10/14/17,9/19/17,0,FIFA,2,2,List of 2014 FIFA World Cup controversies,7/20/14,7/16/14
OliwierEOB,21660035,8,1,2014,6/28/14,1204,10/14/17,6/28/14,1,FIFA,1,1,2014 FIFA World Cup statistics,6/20/14,6/20/14
Olympiads are best,21846768,1,1,2014,7/17/14,1185,10/14/17,7/17/14,0,FIFA,2,2,2014 FIFA World Cup Final,7/17/14,7/16/14
Omuhnate,21723336,31,1,2014,7/30/14,1172,10/14/17,7/30/14,1,FIFA,1,1,2014 FIFA World Cup statistics,6/29/14,6/29/14
Ooebbbbyyy,21606496,0,1,2014,6/12/14,1220,10/14/17,6/12/14,1,FIFA,1,1,2014 FIFA World Cup broadcasting rights,6/12/14,6/12/14
Oskar Kopaczewski,21378766,111,1,2014,8/30/14,1141,10/14/17,8/30/14,0,FIFA,2,2,1966 FIFA World Cup,5/11/14,5/11/14
P4TG30RG13V,21625824,3,1,2014,6/18/14,1214,10/14/17,6/18/14,1,FIFA,1,1,List of FIFA World Cup records,6/16/14,6/15/14
Phoenix9630,21788124,1179,0,2014,9/29/17,15,10/14/17,9/29/17,1,FIFA,1,1,2014 FIFA World Cup statistics,7/8/14,7/8/14
Polugap,21704913,149,1,2014,11/23/14,1056,10/14/17,11/23/14,0,FIFA,3,3,2014 FIFA World Cup,7/5/14,6/27/14
Poseidon Nep,21727454,20,1,2014,7/20/14,1182,10/14/17,7/20/14,1,FIFA,1,1,National team appearances in the FIFA World Cup,6/30/14,6/30/14
Pprika,21787522,0,1,2014,7/8/14,1194,10/14/17,7/8/14,1,FIFA,1,1,2014 FIFA World Cup statistics,7/8/14,7/8/14
QuartzReload,21639897,1095,1,2014,6/16/17,120,10/14/17,6/16/17,0,FIFA,2,2,2014 FIFA World Cup,6/23/14,6/17/14
Rajeshavaghela,21603545,0,1,2014,6/12/14,1220,10/14/17,6/12/14,1,FIFA,1,1,2014 FIFA World Cup broadcasting rights,6/12/14,6/12/14
RapdosS,21607695,0,1,2014,6/12/14,1220,10/14/17,6/12/14,1,FIFA,1,1,2014 FIFA World Cup broadcasting rights,6/12/14,6/12/14
RazorThunder,21902977,997,1,2014,4/16/17,181,10/14/17,4/16/17,0,FIFA,2,2,2010 FIFA World Cup knockout stage,7/25/14,7/24/14
Reyalfre,20668798,0,1,2014,1/29/14,1354,10/14/17,1/29/14,1,FIFA,1,1,2014 FIFA World Cup broadcasting rights,1/29/14,1/29/14
Rick13ellms,21816963,20,1,2014,8/1/14,1170,10/14/17,8/1/14,0,FIFA,2,2,Brazil v Germany (2014 FIFA World Cup),7/13/14,7/12/14
Rpdodds,21609041,733,1,2014,6/14/16,487,10/14/17,6/14/16,0,FIFA,2,2,2014 FIFA World Cup statistics,6/13/14,6/12/14
Russsdean,21799547,0,1,2014,7/10/14,1192,10/14/17,7/10/14,1,FIFA,1,1,2014 FIFA World Cup statistics,7/10/14,7/10/14
SamSkulls,21825329,966,1,2014,3/6/17,222,10/14/17,3/6/17,1,FIFA,1,1,2014 protests in Brazil,7/22/14,7/14/14
Samuelrowland,21526810,405,1,2014,7/10/15,827,10/14/17,7/10/15,0,FIFA,5,3,Brazil,7/3/14,5/31/14
Sankhu01,21819126,66,1,2014,9/17/14,1123,10/14/17,9/17/14,1,FIFA,1,1,2014 FIFA World Cup Final,7/13/14,7/13/14
Sayfutri,21566507,12,1,2014,6/18/14,1214,10/14/17,6/18/14,0,FIFA,2,2,2014 FIFA World Cup Group A,6/12/14,6/6/14
Seardluin,21742088,0,1,2014,7/2/14,1200,10/14/17,7/2/14,1,FIFA,1,1,2014 FIFA World Cup disciplinary record,7/2/14,7/2/14
Shakiratrackleb,21606065,0,1,2014,6/12/14,1220,10/14/17,6/12/14,0,FIFA,2,2,We Are One (Ole Ola),6/12/14,6/12/14
Shakiriwein,21624935,0,1,2014,6/15/14,1217,10/14/17,6/15/14,1,FIFA,1,1,2014 FIFA World Cup Group F,6/15/14,6/15/14
Soccer addict980,21781730,0,1,2014,7/8/14,1194,10/14/17,7/8/14,1,FIFA,1,1,2014 FIFA World Cup preparations,7/8/14,7/8/14
Sos edelbi23,21606501,0,1,2014,6/12/14,1220,10/14/17,6/12/14,1,FIFA,1,1,2014 FIFA World Cup broadcasting rights,6/12/14,6/12/14
Spanzi,21613175,1,1,2014,6/14/14,1218,10/14/17,6/14/14,1,FIFA,1,1,2014 FIFA World Cup Group D,6/14/14,6/13/14
Superjonboy01,21561671,559,1,2014,12/16/15,668,10/14/17,12/16/15,0,FIFA,2,2,2014 FIFA World Cup squads,7/9/14,6/5/14
The Replicator,21637138,1212,0,2014,10/11/17,3,10/14/17,10/11/17,1,FIFA,1,1,2018 FIFA World Cup,6/17/14,6/17/14
TheAGamer,21600093,46,1,2014,7/27/14,1175,10/14/17,7/27/14,1,FIFA,4,3,2014 FIFA World Cup Group B,6/14/14,6/11/14
TheMrKlWl,21730941,0,1,2014,6/30/14,1202,10/14/17,6/30/14,1,FIFA,1,1,List of 2014 FIFA World Cup controversies,6/30/14,6/30/14
Tobyasds,21823208,0,1,2014,7/13/14,1189,10/14/17,7/13/14,1,FIFA,1,1,2014 FIFA World Cup Final,7/13/14,7/13/14
Tuanminh01,21609933,1217,0,2014,10/12/17,2,10/14/17,10/12/17,0,FIFA,4,3,Brazil v Germany (2014 FIFA World Cup),7/9/14,6/13/14
Vanished user 9j34rnfjemnrjnasj4,21556758,170,1,2014,11/22/14,1057,10/14/17,11/22/14,0,FIFA,2,2,2014 FIFA World Cup statistics,6/14/14,6/5/14
Vaselineeeeeeee,21345908,1256,0,2014,10/14/17,0,10/14/17,10/14/17,1,FIFA,1,1,2015 FIFA Women's World Cup,5/11/14,5/7/14
Vicoskachaa,21607982,0,1,2014,6/12/14,1220,10/14/17,6/12/14,1,FIFA,1,1,2014 FIFA World Cup broadcasting rights,6/12/14,6/12/14
Vkhoury,21836170,0,1,2014,7/15/14,1187,10/14/17,7/15/14,1,FIFA,1,1,2014 FIFA World Cup statistics,7/15/14,7/15/14
Xboxy,21615116,1,1,2014,6/14/14,1218,10/14/17,6/14/14,1,FIFA,1,1,2014 FIFA World Cup Group B,6/13/14,6/13/14
XcoIu,21617654,0,1,2014,6/14/14,1218,10/14/17,6/14/14,1,FIFA,1,1,2014 FIFA World Cup Group C,6/14/14,6/14/14
Xstokenmen,21602446,1,1,2014,6/12/14,1220,10/14/17,6/12/14,1,FIFA,1,1,2014 FIFA World Cup broadcasting rights,6/12/14,6/11/14
Yessy1205,21753789,1,1,2014,7/4/14,1198,10/14/17,7/4/14,1,FIFA,1,1,2014 FIFA World Cup statistics,7/3/14,7/3/14
99.99percent,25532589,0,1,2015,6/18/15,854,10/19/17,6/18/15,1,BLM,1,1,Charleston church shooting,6/18/15,6/18/15
ADDCharlie,25893465,0,1,2015,7/30/15,812,10/19/17,7/30/15,1,BLM,1,1,Shooting of Samuel DuBose,7/30/15,7/30/15
Admiller6,23379611,0,1,2014,12/4/14,1050,10/19/17,12/4/14,1,BLM,1,1,Death of Eric Garner,12/4/14,12/4/14
Afropwnswest,24827597,309,1,2015,2/21/16,606,10/19/17,2/21/16,1,BLM,1,1,Black Lives Matter,4/18/15,4/18/15
Akkckkc,25865582,0,1,2015,7/27/15,815,10/19/17,7/27/15,1,BLM,1,1,Death of Sandra Bland,7/27/15,7/27/15
AlaskanNativeRU,24682483,922,0,2015,10/16/17,3,10/19/17,10/16/17,0,BLM,2,2,Murder of Gregory Glen Biggs,5/22/15,4/8/15
Allegations,25905471,1,1,2015,8/2/15,809,10/19/17,8/2/15,1,BLM,3,3,Talk:Shooting of Samuel DuBose,8/1/15,8/1/15
Amax1701,25757421,141,1,2015,12/1/15,688,10/19/17,12/1/15,0,BLM,2,2,2015 Baltimore protests,7/14/15,7/13/15
Amortias,21319995,1262,0,2014,10/16/17,3,10/19/17,10/16/17,0,BLM,5,3,"Wikipedia:Articles for deletion/List of killings by law enforcement officers in the United States, June 2014",5/8/14,5/3/14
Anouyous151,25857880,4,1,2015,7/30/15,812,10/19/17,7/30/15,1,BLM,1,1,Death of Sandra Bland,7/27/15,7/26/15
Asere3000,26389553,0,1,2015,9/29/15,751,10/19/17,9/29/15,1,BLM,1,1,Shooting of Akai Gurley,9/29/15,9/29/15
AutonomousOrangePages,23378365,1,1,2014,12/4/14,1050,10/19/17,12/4/14,1,BLM,1,1,Shooting of Tamir Rice,12/4/14,12/3/14
BadDJ,25823689,5,1,2015,7/27/15,815,10/19/17,7/27/15,0,BLM,2,2,Death of Sandra Bland,7/27/15,7/22/15
Bander.Quraishi,22332479,15,1,2014,9/10/14,1135,10/19/17,9/10/14,1,BLM,1,1,Shooting of Michael Brown,9/10/14,8/26/14
BatHunter,22065417,140,1,2014,12/23/14,1031,10/19/17,12/23/14,1,BLM,1,1,Shooting of Renisha McBride,8/5/14,8/5/14
Big12isu,23369095,0,1,2014,12/3/14,1051,10/19/17,12/3/14,1,BLM,1,1,Ferguson unrest,12/3/14,12/3/14
Bluemousered,23334109,967,1,2014,7/23/17,88,10/19/17,7/23/17,1,BLM,1,1,Shooting of Michael Brown,11/29/14,11/29/14
Blzjms,23377306,0,1,2014,12/3/14,1051,10/19/17,12/3/14,1,BLM,1,1,Death of Eric Garner,12/3/14,12/3/14
BoomChakaLakaBoom,23566036,0,1,2014,12/23/14,1031,10/19/17,12/23/14,1,BLM,1,1,Shooting of John Crawford III,12/23/14,12/23/14
BoricuaBonita,25871548,0,1,2015,7/28/15,814,10/19/17,7/28/15,1,BLM,1,1,Death of Sandra Bland,7/28/15,7/28/15
BunnyTaker55,22945140,0,1,2014,10/23/14,1092,10/19/17,10/23/14,0,BLM,2,2,Death of Eric Garner,10/23/14,10/23/14
CalLightman1990,26729435,46,1,2015,12/23/15,666,10/19/17,12/23/15,0,BLM,2,2,Death of Sandra Bland,12/23/15,11/7/15
Cathar66,23395611,969,1,2014,7/31/17,80,10/19/17,7/31/17,0,BLM,4,3,32 County Sovereignty Movement,1/2/15,12/5/14
Cbursaw,23398438,929,1,2014,6/21/17,120,10/19/17,6/21/17,0,BLM,2,2,Shooting of Tony Robinson,3/12/15,12/5/14
Cewlt,24382660,708,1,2015,2/15/17,246,10/19/17,2/15/17,0,BLM,2,2,Charleston church shooting,6/19/15,3/10/15
Cfavsmba,23580749,0,1,2014,12/24/14,1030,10/19/17,12/24/14,0,BLM,2,2,Ferguson unrest,12/24/14,12/24/14
ChamithN,21929136,1181,0,2014,10/19/17,0,10/19/17,10/19/17,0,BLM,2,2,"List of killings by law enforcement officers in the United States, 2011",8/21/14,7/26/14
Chiffchaff2015,25571777,0,1,2015,6/22/15,850,10/19/17,6/22/15,1,BLM,1,1,Charleston church shooting,6/22/15,6/22/15
CitiV,22123746,288,1,2014,5/23/15,880,10/19/17,5/23/15,0,BLM,5,3,Westroads Mall shooting,8/9/14,8/8/14
CookieMonster755,22164567,1165,0,2014,10/19/17,0,10/19/17,10/19/17,0,BLM,4,3,Shooting of Michael Brown,11/26/14,8/11/14
Coreysutphin,26538214,0,1,2015,10/16/15,734,10/19/17,10/16/15,1,BLM,1,1,Shooting of Tamir Rice,10/16/15,10/16/15
Cowpie12345678901,25800235,0,1,2015,7/18/15,824,10/19/17,7/18/15,1,BLM,1,1,Charleston church shooting,7/18/15,7/18/15
CyberWarfare,25812203,90,1,2015,10/18/15,732,10/19/17,10/18/15,0,BLM,2,2,Death of Sandra Bland,7/23/15,7/20/15
DERPALERT,24532235,937,0,2015,10/16/17,3,10/19/17,10/16/17,0,BLM,4,3,List of battles and other violent events by death toll,4/8/15,3/24/15
Daddy2d,23617662,0,1,2014,12/29/14,1025,10/19/17,12/29/14,1,BLM,1,1,Shooting of Michael Brown,12/29/14,12/29/14
Damvile,23253239,22,1,2014,12/13/14,1041,10/19/17,12/13/14,0,BLM,2,2,Shooting of Michael Brown,11/28/14,11/21/14
DangerousJXD,22220474,1160,0,2014,10/19/17,0,10/19/17,10/19/17,0,BLM,2,2,Murdered: Soul Suspect,9/9/14,8/16/14
Danjuma10,22308202,1,1,2014,8/25/14,1151,10/19/17,8/25/14,0,BLM,2,2,Ferguson unrest,8/25/14,8/24/14
Darcty rice,26896170,0,1,2015,11/26/15,693,10/19/17,11/26/15,1,BLM,1,1,Shooting of Ramarley Graham,11/26/15,11/26/15
DatGuy,26830382,701,0,2015,10/19/17,0,10/19/17,10/19/17,0,BLM,2,2,2014 Kiss of Love protest,11/27/15,11/18/15
Dbonte35,22195037,0,1,2014,8/13/14,1163,10/19/17,8/13/14,1,BLM,1,1,Shooting of Michael Brown,8/13/14,8/13/14
DeLittle,24721351,21,1,2015,5/2/15,901,10/19/17,5/2/15,0,BLM,2,2,United States pro-choice movement,4/19/15,4/11/15
Deeeogo,25780540,701,1,2015,6/16/17,125,10/19/17,6/16/17,0,BLM,2,2,Murder Was the Case (song),7/29/15,7/16/15
Deeznutzhagotem,25077931,140,1,2015,9/22/15,758,10/19/17,9/22/15,1,BLM,1,1,2015 Baltimore protests,5/5/15,5/5/15
Dengg2,24345691,0,1,2015,3/7/15,957,10/19/17,3/7/15,1,BLM,1,1,Shooting of Michael Brown,3/7/15,3/7/15
Denniscabrams,24382878,954,0,2015,10/19/17,0,10/19/17,10/19/17,0,BLM,2,2,Death of Freddie Gray,5/1/15,3/10/15
Desertguardsman,23595994,303,1,2014,10/25/15,725,10/19/17,10/25/15,1,BLM,1,1,Shooting of Michael Brown,12/26/14,12/26/14
Dianaoh339,23387877,14,1,2014,12/18/14,1036,10/19/17,12/18/14,0,BLM,2,2,Death of Eric Garner,12/11/14,12/4/14
DiscantX,23278095,1012,1,2014,9/1/17,48,10/19/17,9/1/17,0,BLM,2,2,Wikipedia:Articles for deletion/Stop! Or My Dog Will Shoot,12/13/14,11/24/14
Dontmakemetypepasswordagain,26733996,213,1,2015,6/7/16,499,10/19/17,6/7/16,0,BLM,4,3,Shooting of Laquan McDonald,11/28/15,11/7/15
Douglas.j.chapman,22301296,0,1,2014,8/23/14,1153,10/19/17,8/23/14,1,BLM,1,1,Ferguson unrest,8/23/14,8/23/14
E10QZ,22198436,197,1,2014,2/27/15,965,10/19/17,2/27/15,1,BLM,1,1,Shooting of Michael Brown,8/14/14,8/14/14
Eat meI'm an azuki,25540432,850,0,2015,10/16/17,3,10/19/17,10/16/17,0,BLM,2,2,Wikipedia:Articles for deletion/2015 anti-china protest,7/7/15,6/19/15
Emmyfan,23008268,30,1,2014,11/28/14,1056,10/19/17,11/28/14,0,BLM,2,2,Shooting of Michael Brown,11/28/14,10/29/14
Engl1105,24848423,17,1,2015,5/7/15,896,10/19/17,5/7/15,0,BLM,2,2,Ferguson unrest,4/26/15,4/20/15
EternalNomad,24473955,943,0,2015,10/17/17,2,10/19/17,10/17/17,0,BLM,3,3,Deaths in 2015,3/24/15,3/19/15
Ethanhuron,24668182,0,1,2015,4/6/15,927,10/19/17,4/6/15,1,BLM,1,1,Ferguson unrest,4/6/15,4/6/15
Everrreton,23275635,370,1,2014,11/29/15,690,10/19/17,11/29/15,1,BLM,1,1,Ferguson unrest,11/24/14,11/24/14
F8Rx,23388662,0,1,2014,12/4/14,1050,10/19/17,12/4/14,1,BLM,1,1,Ferguson unrest,12/4/14,12/4/14
FACTSvsOPINION,25829255,0,1,2015,7/22/15,820,10/19/17,7/22/15,1,BLM,1,1,Death of Sandra Bland,7/22/15,7/22/15
Fatnard,24976792,2,1,2015,4/30/15,903,10/19/17,4/30/15,1,BLM,1,1,Ferguson unrest,4/28/15,4/28/15
Gamerboi1,25578442,0,1,2015,6/23/15,849,10/19/17,6/23/15,1,BLM,1,1,Charleston church shooting,6/23/15,6/23/15
Gf95750,22915410,633,1,2014,7/15/16,461,10/19/17,7/15/16,0,BLM,2,2,Shooting of Michael Brown,11/24/14,10/21/14
Gg3iii,25552606,0,1,2015,6/20/15,852,10/19/17,6/20/15,1,BLM,1,1,Charleston church shooting,6/20/15,6/20/15
GoLeor,24907752,347,1,2015,4/4/16,563,10/19/17,4/4/16,0,BLM,2,2,2015 Baltimore protests,5/5/15,4/23/15
GrecianEarn,26353285,88,1,2015,12/22/15,667,10/19/17,12/22/15,0,BLM,4,3,Death of Sandra Bland,9/29/15,9/25/15
GrimaceMcDonald,25528513,0,1,2015,6/18/15,854,10/19/17,6/18/15,1,BLM,1,1,Charleston church shooting,6/18/15,6/18/15
Halahala9X9,24979737,0,1,2015,4/28/15,905,10/19/17,4/28/15,1,BLM,1,1,Shooting of Rekia Boyd,4/28/15,4/28/15
Hawkmoonb,22162361,0,1,2014,8/11/14,1165,10/19/17,8/11/14,1,BLM,1,1,Death of Eric Garner,8/11/14,8/11/14
Hehoo99,23377850,0,1,2014,12/3/14,1051,10/19/17,12/3/14,0,BLM,2,2,Ferguson unrest,12/3/14,12/3/14
Iazyges,23299921,1057,0,2014,10/18/17,1,10/19/17,10/18/17,0,BLM,4,3,South African National Rally Championship,1/13/15,11/26/14
Icarosaurvus,22245365,1137,0,2014,9/28/17,21,10/19/17,9/28/17,0,BLM,2,2,Talk:Shooting of Michael Brown,8/19/14,8/18/14
Impendingtruth,26797572,1,1,2015,11/15/15,704,10/19/17,11/15/15,1,BLM,1,1,2015ê„ï¢ê_ï‹ê_ï_16 University of Missouri protests,11/14/15,11/14/15
JJMC89,24812038,915,0,2015,10/19/17,0,10/19/17,10/19/17,0,BLM,2,2,Ryan W. Ferguson,4/27/15,4/18/15
JT2958,22138907,1130,1,2014,9/12/17,37,10/19/17,9/12/17,0,BLM,3,3,Ferguson unrest,11/30/14,8/9/14
Jamesdean32,23581710,0,1,2014,12/25/14,1029,10/19/17,12/25/14,1,BLM,1,1,Death of Aiyana Jones,12/25/14,12/25/14
Jc21539,22936038,0,1,2014,10/22/14,1093,10/19/17,10/22/14,1,BLM,1,1,Shooting of Michael Brown,10/22/14,10/22/14
Jimbob761,26440004,8,1,2015,10/13/15,737,10/19/17,10/13/15,0,BLM,2,2,Ferguson unrest,10/13/15,10/5/15
Jlightsky,24352640,459,1,2015,6/8/16,498,10/19/17,6/8/16,1,BLM,4,3,Black Lives Matter,3/7/15,3/7/15
Josephp18810,25627763,7,1,2015,7/5/15,837,10/19/17,7/5/15,0,BLM,2,2,Shooting of Tamir Rice,7/5/15,6/28/15
Joshephpeterson,26331924,0,1,2015,9/23/15,757,10/19/17,9/23/15,1,BLM,1,1,2015 Baltimore protests,9/23/15,9/23/15
Jrdrew102,25612250,0,1,2015,6/26/15,846,10/19/17,6/26/15,1,BLM,1,1,Shooting of Michael Brown,6/26/15,6/26/15
JustSmart14,22203617,0,1,2014,8/14/14,1162,10/19/17,8/14/14,1,BLM,1,1,Shooting of Renisha McBride,8/14/14,8/14/14
Justice2001,25832095,0,1,2015,7/23/15,819,10/19/17,7/23/15,1,BLM,1,1,Death of Sandra Bland,7/23/15,7/23/15
JusticeForFreddieGray,25086134,0,1,2015,5/6/15,897,10/19/17,5/6/15,1,BLM,1,1,Death of Freddie Gray,5/6/15,5/6/15
Justincase1992,23365561,13,1,2014,12/15/14,1039,10/19/17,12/15/14,0,BLM,2,2,Shooting of Michael Brown,12/9/14,12/2/14
KH-1,21857263,1189,0,2014,10/19/17,0,10/19/17,10/19/17,0,BLM,2,2,20th anniversary of Tiananmen Square protests of 1989,7/18/14,7/18/14
Kaizena,26481923,135,1,2015,2/22/16,605,10/19/17,2/22/16,1,BLM,1,1,Taiwan independence movement,10/10/15,10/10/15
Kiwidwj,25596182,331,1,2015,5/21/16,516,10/19/17,5/21/16,1,BLM,1,1,Shooting of Michael Brown,6/25/15,6/25/15
Kiwifist,24791530,908,0,2015,10/10/17,9,10/19/17,10/10/17,0,BLM,2,2,"List of killings by law enforcement officers in the United States, November 2012",5/24/15,4/16/15
Krimsonquinn,26932106,3,1,2015,12/3/15,686,10/19/17,12/3/15,1,BLM,1,1,Shooting of Ramarley Graham,11/30/15,11/30/15
Kwoff,22283456,0,1,2014,8/21/14,1155,10/19/17,8/21/14,1,BLM,1,1,Ferguson unrest,8/21/14,8/21/14
Kykydani,25640137,26,1,2015,7/25/15,817,10/19/17,7/25/15,1,BLM,1,1,Charleston church shooting,6/29/15,6/29/15
Kyle Lynch15,25074101,0,1,2015,5/5/15,898,10/19/17,5/5/15,1,BLM,1,1,Death of Freddie Gray,5/5/15,5/5/15
Laurel Wreath of Victors,25771936,826,0,2015,10/18/17,1,10/19/17,10/18/17,0,BLM,2,2,List of accidents and disasters by death toll,8/15/15,7/15/15
Legochima,23626977,0,1,2014,12/29/14,1025,10/19/17,12/29/14,1,BLM,1,1,Death of Eric Garner,12/29/14,12/29/14
LiciaLace,22119550,0,1,2014,8/8/14,1168,10/19/17,8/8/14,1,BLM,1,1,Death of Eric Garner,8/8/14,8/8/14
Lilhpster,23384693,0,1,2014,12/4/14,1050,10/19/17,12/4/14,1,BLM,1,1,Death of Eric Garner,12/4/14,12/4/14
Lowkey40,24991961,0,1,2015,4/29/15,904,10/19/17,4/29/15,1,BLM,1,1,Shooting of Walter Scott,4/29/15,4/29/15
LuckyLeftyy,25763355,13,1,2015,7/26/15,816,10/19/17,7/26/15,0,BLM,2,2,Death of Sandra Bland,7/25/15,7/13/15
MPS1992,26860051,697,0,2015,10/18/17,1,10/19/17,10/18/17,0,BLM,2,2,Hawaiian sovereignty movement,11/22/15,11/21/15
MaddiKadafy,21891220,309,1,2014,5/28/15,875,10/19/17,5/28/15,0,BLM,4,3,Death of Eric Garner,7/29/14,7/23/14
ManiiMACK,23377834,0,1,2014,12/3/14,1051,10/19/17,12/3/14,1,BLM,1,1,Death of Eric Garner,12/3/14,12/3/14
Masterfrac,26388641,1,1,2015,9/30/15,750,10/19/17,9/30/15,0,BLM,2,2,"Hands up, don't shoot",9/30/15,9/29/15
Mattoeftering,25896539,0,1,2015,7/31/15,811,10/19/17,7/31/15,1,BLM,1,1,Ferguson unrest,7/31/15,7/31/15
Mjay54,23323345,0,1,2014,11/28/14,1056,10/19/17,11/28/14,1,BLM,1,1,Death of Eric Garner,11/28/14,11/28/14
Mov283br3,26889133,0,1,2015,11/25/15,694,10/19/17,11/25/15,1,BLM,1,1,Shooting of Laquan McDonald,11/25/15,11/25/15
Mpena12,23388826,14,1,2014,12/18/14,1036,10/19/17,12/18/14,0,BLM,2,2,Shooting of Michael Brown,12/18/14,12/4/14
MyEditIsValid,23379465,0,1,2014,12/4/14,1050,10/19/17,12/4/14,1,BLM,1,1,Ferguson unrest,12/4/14,12/4/14
Nammage,24947538,783,1,2015,6/17/17,124,10/19/17,6/17/17,0,BLM,2,2,Ryan W. Ferguson,5/13/15,4/26/15
Necent,26783598,0,1,2015,11/13/15,706,10/19/17,11/13/15,1,BLM,1,1,2015ê„ï¢ê_ï‹ê_ï_16 University of Missouri protests,11/13/15,11/13/15
NekoKatsun,23242057,1064,0,2014,10/19/17,0,10/19/17,10/19/17,0,BLM,4,3,Death of Aaliyah,11/26/14,11/20/14
Niw1984,23653569,0,1,2015,1/1/15,1022,10/19/17,1/1/15,1,BLM,1,1,Shooting of Oscar Grant,1/1/15,1/1/15
O.Stolz,26750562,28,1,2015,12/7/15,682,10/19/17,12/7/15,0,BLM,2,2,Shooting of Jamar Clark,11/20/15,11/9/15
Ogmios78,24962314,0,1,2015,4/27/15,906,10/19/17,4/27/15,1,BLM,1,1,Death of Eric Garner,4/27/15,4/27/15
OliviaEMcCheyne,26710930,1,1,2015,11/5/15,714,10/19/17,11/5/15,0,BLM,2,2,Death of Freddie Gray,11/5/15,11/4/15
OrganicEarth,25844825,60,1,2015,9/22/15,758,10/19/17,9/22/15,0,BLM,2,2,Shooting of Samuel DuBose,7/31/15,7/24/15
Pencilthebee,26832848,0,1,2015,11/18/15,701,10/19/17,11/18/15,0,BLM,2,2,2015 Baltimore protests,11/18/15,11/18/15
PewdsBro12,25838030,160,1,2015,12/30/15,659,10/19/17,12/30/15,0,BLM,2,2,Death of Sandra Bland,7/27/15,7/23/15
Prinsgezinde,24340726,958,0,2015,10/19/17,0,10/19/17,10/19/17,0,BLM,3,3,List of wars and anthropogenic disasters by death toll,3/30/15,3/6/15
Profoundblkwmn,24797594,0,1,2015,4/17/15,916,10/19/17,4/17/15,1,BLM,1,1,Shooting of John Crawford III,4/17/15,4/17/15
Qzd,26906394,692,0,2015,10/19/17,0,10/19/17,10/19/17,0,BLM,2,2,2015 Russian Sukhoi Su-24 shootdown,11/28/15,11/27/15
Randomlettersinaspace,25800230,0,1,2015,7/18/15,824,10/19/17,7/18/15,1,BLM,1,1,Charleston church shooting,7/18/15,7/18/15
RatRat,24512952,791,1,2015,5/22/17,150,10/19/17,5/22/17,0,BLM,2,2,Death Grips,4/14/15,3/23/15
Realtruth4all,26835139,0,1,2015,11/19/15,700,10/19/17,11/19/15,1,BLM,1,1,2015ê„ï¢ê_ï‹ê_ï_16 University of Missouri protests,11/19/15,11/19/15
Rjlnjd,24380114,0,1,2015,3/10/15,954,10/19/17,3/10/15,1,BLM,1,1,Shooting of Tony Robinson,3/10/15,3/10/15
Rjryan94,21897518,0,1,2014,7/23/14,1184,10/19/17,7/23/14,1,BLM,1,1,Death of Eric Garner,7/23/14,7/23/14
Rlincoln1986,23370248,0,1,2014,12/3/14,1051,10/19/17,12/3/14,1,BLM,1,1,Death of Eric Garner,12/3/14,12/3/14
Rondo33,25866009,0,1,2015,7/27/15,815,10/19/17,7/27/15,1,BLM,3,3,Talk:Death of Sandra Bland,7/27/15,7/27/15
Rusavuk,24848124,269,1,2015,1/14/16,644,10/19/17,1/14/16,0,BLM,2,2,Black Lives Matter,4/20/15,4/20/15
S3oody8,26802104,436,1,2015,1/24/17,268,10/19/17,1/24/17,1,BLM,1,1,"Hands up, don't shoot",12/4/15,11/15/15
Saeranv,22278526,101,1,2014,11/30/14,1054,10/19/17,11/30/14,0,BLM,3,3,Talk:Shooting of Michael Brown,8/21/14,8/21/14
Sage1982,25517950,45,1,2015,8/1/15,810,10/19/17,8/1/15,0,BLM,2,2,Charleston church shooting,6/19/15,6/17/15
SamanthaAnnesley,25098281,0,1,2015,5/7/15,896,10/19/17,5/7/15,1,BLM,1,1,2015 Baltimore protests,5/7/15,5/7/15
Sethyre,26338745,434,1,2015,11/30/16,323,10/19/17,11/30/16,1,BLM,4,3,Talk:2015ê„ï¢ê_ï‹ê_ï_16 University of Missouri protests,11/12/15,9/23/15
Sgt1988,24330416,0,1,2015,3/5/15,959,10/19/17,3/5/15,1,BLM,1,1,"Hands up, don't shoot",3/5/15,3/5/15
ShadowHawk555,23071829,741,1,2014,11/14/16,339,10/19/17,11/14/16,0,BLM,2,2,Ferguson unrest,2/17/15,11/4/14
Siguy85,21954978,16,1,2014,8/14/14,1162,10/19/17,8/14/14,1,BLM,1,1,Death of Eric Garner,7/29/14,7/29/14
Silvrcraze,24297747,1,1,2015,3/3/15,961,10/19/17,3/3/15,0,BLM,2,2,Shooting of John Crawford III,3/3/15,3/2/15
Skubydoo,26373160,304,1,2015,7/28/16,448,10/19/17,7/28/16,0,BLM,3,3,New England Patriots,10/28/15,9/28/15
Some of everything,25593358,845,0,2015,10/16/17,3,10/19/17,10/16/17,0,BLM,2,2,2015 Chattanooga shootings,7/21/15,6/24/15
Somuchstuffismeta,24975166,0,1,2015,4/27/15,906,10/19/17,4/27/15,1,BLM,1,1,2015 Baltimore protests,4/27/15,4/27/15
Stamboliyski,22271376,1105,1,2014,8/29/17,51,10/19/17,8/29/17,0,BLM,2,2,Syndicalist Group Movement,8/27/14,8/20/14
StealthyJoker85,23377551,58,1,2014,1/30/15,993,10/19/17,1/30/15,0,BLM,2,2,Murder of Anni Dewani,12/8/14,12/3/14
StjJackson,25806245,822,0,2015,10/18/17,1,10/19/17,10/18/17,1,BLM,1,1,List of riots,7/19/15,7/19/15
Sweglife,25536757,47,1,2015,8/5/15,806,10/19/17,8/5/15,1,BLM,1,1,Charleston church shooting,6/19/15,6/19/15
Teryuslimmy45,26890387,0,1,2015,11/25/15,694,10/19/17,11/25/15,1,BLM,1,1,Ferguson Action,11/25/15,11/25/15
ThurstonHowell3rd,24435954,383,1,2015,4/1/16,566,10/19/17,4/1/16,0,BLM,2,2,Ferguson unrest,3/15/15,3/15/15
Tiger7890,24844794,891,0,2015,9/26/17,23,10/19/17,9/26/17,0,BLM,3,3,Charleston church shooting,6/19/15,4/19/15
Tiggahuhot,23379425,0,1,2014,12/4/14,1050,10/19/17,12/4/14,1,BLM,1,1,Death of Eric Garner,12/4/14,12/4/14
Tlpinto1,21875037,0,1,2014,7/20/14,1187,10/19/17,7/20/14,1,BLM,1,1,Death of Eric Garner,7/20/14,7/20/14
Trees are more important than people,25088381,0,1,2015,5/6/15,897,10/19/17,5/6/15,1,BLM,4,3,Death of Freddie Gray,5/6/15,5/6/15
Ttextt,24719872,821,1,2015,7/9/17,102,10/19/17,7/9/17,1,BLM,1,1,Death of Eric Garner,4/17/15,4/10/15
TwinTowers911,25800157,0,1,2015,7/18/15,824,10/19/17,7/18/15,1,BLM,1,1,Charleston church shooting,7/18/15,7/18/15
UnionJaren,24680355,41,1,2015,5/18/15,885,10/19/17,5/18/15,0,BLM,2,2,Death of Freddie Gray,4/29/15,4/7/15
Username041313,24975002,0,1,2015,4/27/15,906,10/19/17,4/27/15,1,BLM,1,1,Death of Freddie Gray,4/27/15,4/27/15
Velojareal,26742571,55,1,2015,1/2/16,656,10/19/17,1/2/16,0,BLM,2,2,Charleston church shooting,11/28/15,11/8/15
Veracity134,23636100,0,1,2014,12/30/14,1024,10/19/17,12/30/14,1,BLM,1,1,Death of Eric Garner,12/30/14,12/30/14
Walfin,23402834,873,1,2014,4/27/17,175,10/19/17,4/27/17,1,BLM,1,1,Shooting of Kenneth Chamberlain Sr.,12/6/14,12/6/14
Walsh8157,24505878,0,1,2015,3/22/15,942,10/19/17,3/22/15,1,BLM,1,1,"Hands up, don't shoot",3/22/15,3/22/15
We43ff21,26764488,705,0,2015,10/16/17,3,10/19/17,10/16/17,0,BLM,3,3,2015ê„ï¢ê_ï‹ê_ï_16 University of Missouri protests,11/12/15,11/11/15
WebSurfer01,23379546,0,1,2014,12/4/14,1050,10/19/17,12/4/14,1,BLM,1,1,Death of Eric Garner,12/4/14,12/4/14
White Arabian Filly,26780745,706,0,2015,10/18/17,1,10/19/17,10/18/17,0,BLM,5,3,Talk:Death of Echol Cole and Robert Walker,12/16/15,11/12/15
WickedTurth,23571975,4,1,2014,12/27/14,1027,10/19/17,12/27/14,1,BLM,1,1,"Hands up, don't shoot",12/23/14,12/23/14
Wikipuser777,22078499,677,1,2014,6/12/16,494,10/19/17,6/12/16,0,BLM,2,2,Shooting of Michael Brown,8/15/14,8/5/14
WillSchenk,23334859,0,1,2014,11/30/14,1054,10/19/17,11/30/14,0,BLM,2,2,Shooting of Michael Brown,11/30/14,11/30/14
Wulframm Rolf,25599093,182,1,2015,12/24/15,665,10/19/17,12/24/15,1,BLM,1,1,Charleston church shooting,6/25/15,6/25/15
Wybulldog,22287595,20,1,2014,9/11/14,1134,10/19/17,9/11/14,1,BLM,1,1,"Ferguson, Missouri",8/22/14,8/22/14
XxMorningXxXStarxX,24410372,0,1,2015,3/13/15,951,10/19/17,3/13/15,1,BLM,1,1,Shooting of Akai Gurley,3/13/15,3/13/15
Yankeekid13,23376982,0,1,2014,12/3/14,1051,10/19/17,12/3/14,1,BLM,1,1,Death of Eric Garner,12/3/14,12/3/14
Youareagrt,24523851,0,1,2015,3/24/15,940,10/19/17,3/24/15,0,BLM,2,2,Shooting of Tamir Rice,3/24/15,3/24/15
Yunghomiek,25561760,0,1,2015,6/21/15,851,10/19/17,6/21/15,1,BLM,1,1,Charleston church shooting,6/21/15,6/21/15
ZeFreightTrain,25764360,10,1,2015,7/24/15,818,10/19/17,7/24/15,0,BLM,2,2,Death of Sandra Bland,7/23/15,7/14/15
Zexcoiler Kingbolt,26896767,272,1,2015,8/24/16,421,10/19/17,8/24/16,1,BLM,1,1,Shooting of Ramarley Graham,11/26/15,11/26/15